"","type","sep","file","ethn","issue","dep","country","geog"
"1","d",";","data/denominator/popcencook.csv","Total",NA,NA,"Cook Islands",NA
"2","n",";","data/numerator/mortcook.csv","Total","Total Mortality",NA,"Cook Islands",NA
"3","n",";","data/numerator/neocook.csv","Total","Neoplasms",NA,"Cook Islands",NA
"4","n",",","data/numerator/mort037totalnat.csv","Total","Mortality - Total",NA,"New Zealand","National"
"5","n",",","data/numerator/dep/mort1dep0637totalnat.csv","Total","Mortality - Total","1","New Zealand","National"
"6","n",",","data/numerator/dep/mort2dep0637totalnat.csv","Total","Mortality - Total","2","New Zealand","National"
"7","n",",","data/numerator/dep/mort3dep0637totalnat.csv","Total","Mortality - Total","3","New Zealand","National"
"8","n",",","data/numerator/dep/mort4dep0637totalnat.csv","Total","Mortality - Total","4","New Zealand","National"
"9","n",",","data/numerator/dep/mort5dep0637totalnat.csv","Total","Mortality - Total","5","New Zealand","National"
"10","n",",","data/numerator/dep/mort6dep0637totalnat.csv","Total","Mortality - Total","6","New Zealand","National"
"11","n",",","data/numerator/dep/mort7dep0637totalnat.csv","Total","Mortality - Total","7","New Zealand","National"
"12","n",",","data/numerator/dep/mort8dep0637totalnat.csv","Total","Mortality - Total","8","New Zealand","National"
"13","n",",","data/numerator/dep/mort9dep0637totalnat.csv","Total","Mortality - Total","9","New Zealand","National"
"14","n",",","data/numerator/dep/mort10dep0637totalnat.csv","Total","Mortality - Total","10","New Zealand","National"
"15","n",",","data/numerator/dep/mort12dep0637totalnat.csv","Total","Mortality - Total","12","New Zealand","National"
"16","n",",","data/numerator/dep/mort34dep0637totalnat.csv","Total","Mortality - Total","34","New Zealand","National"
"17","n",",","data/numerator/dep/mort56dep0637totalnat.csv","Total","Mortality - Total","56","New Zealand","National"
"18","n",",","data/numerator/dep/mort78dep0637totalnat.csv","Total","Mortality - Total","78","New Zealand","National"
"19","n",",","data/numerator/dep/mort910dep0637totalnat.csv","Total","Mortality - Total","910","New Zealand","National"
"20","n",",","data/numerator/mort037maorinat.csv","Maori","Mortality - Total",NA,"New Zealand","National"
"21","n",",","data/numerator/dep/mort1dep0637maorinat.csv","Maori","Mortality - Total","1","New Zealand","National"
"22","n",",","data/numerator/dep/mort2dep0637maorinat.csv","Maori","Mortality - Total","2","New Zealand","National"
"23","n",",","data/numerator/dep/mort3dep0637maorinat.csv","Maori","Mortality - Total","3","New Zealand","National"
"24","n",",","data/numerator/dep/mort4dep0637maorinat.csv","Maori","Mortality - Total","4","New Zealand","National"
"25","n",",","data/numerator/dep/mort5dep0637maorinat.csv","Maori","Mortality - Total","5","New Zealand","National"
"26","n",",","data/numerator/dep/mort6dep0637maorinat.csv","Maori","Mortality - Total","6","New Zealand","National"
"27","n",",","data/numerator/dep/mort7dep0637maorinat.csv","Maori","Mortality - Total","7","New Zealand","National"
"28","n",",","data/numerator/dep/mort8dep0637maorinat.csv","Maori","Mortality - Total","8","New Zealand","National"
"29","n",",","data/numerator/dep/mort9dep0637maorinat.csv","Maori","Mortality - Total","9","New Zealand","National"
"30","n",",","data/numerator/dep/mort10dep0637maorinat.csv","Maori","Mortality - Total","10","New Zealand","National"
"31","n",",","data/numerator/dep/mort12dep0637maorinat.csv","Maori","Mortality - Total","12","New Zealand","National"
"32","n",",","data/numerator/dep/mort34dep0637maorinat.csv","Maori","Mortality - Total","34","New Zealand","National"
"33","n",",","data/numerator/dep/mort56dep0637maorinat.csv","Maori","Mortality - Total","56","New Zealand","National"
"34","n",",","data/numerator/dep/mort78dep0637maorinat.csv","Maori","Mortality - Total","78","New Zealand","National"
"35","n",",","data/numerator/dep/mort910dep0637maorinat.csv","Maori","Mortality - Total","910","New Zealand","National"
"36","n",",","data/numerator/mort037nonmaorinat.csv","Non-Maori","Mortality - Total",NA,"New Zealand","National"
"37","n",",","data/numerator/dep/mort1dep0637nonmaorinat.csv","Non-Maori","Mortality - Total","1","New Zealand","National"
"38","n",",","data/numerator/dep/mort2dep0637nonmaorinat.csv","Non-Maori","Mortality - Total","2","New Zealand","National"
"39","n",",","data/numerator/dep/mort3dep0637nonmaorinat.csv","Non-Maori","Mortality - Total","3","New Zealand","National"
"40","n",",","data/numerator/dep/mort4dep0637nonmaorinat.csv","Non-Maori","Mortality - Total","4","New Zealand","National"
"41","n",",","data/numerator/dep/mort5dep0637nonmaorinat.csv","Non-Maori","Mortality - Total","5","New Zealand","National"
"42","n",",","data/numerator/dep/mort6dep0637nonmaorinat.csv","Non-Maori","Mortality - Total","6","New Zealand","National"
"43","n",",","data/numerator/dep/mort7dep0637nonmaorinat.csv","Non-Maori","Mortality - Total","7","New Zealand","National"
"44","n",",","data/numerator/dep/mort8dep0637nonmaorinat.csv","Non-Maori","Mortality - Total","8","New Zealand","National"
"45","n",",","data/numerator/dep/mort9dep0637nonmaorinat.csv","Non-Maori","Mortality - Total","9","New Zealand","National"
"46","n",",","data/numerator/dep/mort10dep0637nonmaorinat.csv","Non-Maori","Mortality - Total","10","New Zealand","National"
"47","n",",","data/numerator/dep/mort12dep0637nonmaorinat.csv","Non-Maori","Mortality - Total","12","New Zealand","National"
"48","n",",","data/numerator/dep/mort34dep0637nonmaorinat.csv","Non-Maori","Mortality - Total","34","New Zealand","National"
"49","n",",","data/numerator/dep/mort56dep0637nonmaorinat.csv","Non-Maori","Mortality - Total","56","New Zealand","National"
"50","n",",","data/numerator/dep/mort78dep0637nonmaorinat.csv","Non-Maori","Mortality - Total","78","New Zealand","National"
"51","n",",","data/numerator/dep/mort910dep0637nonmaorinat.csv","Non-Maori","Mortality - Total","910","New Zealand","National"
"52","n",",","data/numerator/mort037pacificnat.csv","Pacific","Mortality - Total",NA,"New Zealand","National"
"53","n",",","data/numerator/mort037nonpacificnat.csv","Non-Pacific","Mortality - Total",NA,"New Zealand","National"
"54","n",",","data/numerator/mort037asiannat.csv","Asian","Mortality - Total",NA,"New Zealand","National"
"55","n",",","data/numerator/mort037nonasiannat.csv","Non-Asian","Mortality - Total",NA,"New Zealand","National"
"56","n",",","data/numerator/mort037nonpacificnonmaorinat.csv","Non-Pacific-Non-Maori","Mortality - Total",NA,"New Zealand","National"
"57","n",",","data/numerator/dep/mort1dep06pearcetotalnat.csv","Total","Mortality - Pearce Amenable","1","New Zealand","National"
"58","n",",","data/numerator/dep/mort2dep06pearcetotalnat.csv","Total","Mortality - Pearce Amenable","2","New Zealand","National"
"59","n",",","data/numerator/dep/mort3dep06pearcetotalnat.csv","Total","Mortality - Pearce Amenable","3","New Zealand","National"
"60","n",",","data/numerator/dep/mort4dep06pearcetotalnat.csv","Total","Mortality - Pearce Amenable","4","New Zealand","National"
"61","n",",","data/numerator/dep/mort5dep06pearcetotalnat.csv","Total","Mortality - Pearce Amenable","5","New Zealand","National"
"62","n",",","data/numerator/dep/mort6dep06pearcetotalnat.csv","Total","Mortality - Pearce Amenable","6","New Zealand","National"
"63","n",",","data/numerator/dep/mort7dep06pearcetotalnat.csv","Total","Mortality - Pearce Amenable","7","New Zealand","National"
"64","n",",","data/numerator/dep/mort8dep06pearcetotalnat.csv","Total","Mortality - Pearce Amenable","8","New Zealand","National"
"65","n",",","data/numerator/dep/mort9dep06pearcetotalnat.csv","Total","Mortality - Pearce Amenable","9","New Zealand","National"
"66","n",",","data/numerator/dep/mort10dep06pearcetotalnat.csv","Total","Mortality - Pearce Amenable","10","New Zealand","National"
"67","n",",","data/numerator/dep/mort12dep06pearcetotalnat.csv","Total","Mortality - Pearce Amenable","12","New Zealand","National"
"68","n",",","data/numerator/dep/mort34dep06pearcetotalnat.csv","Total","Mortality - Pearce Amenable","34","New Zealand","National"
"69","n",",","data/numerator/dep/mort56dep06pearcetotalnat.csv","Total","Mortality - Pearce Amenable","56","New Zealand","National"
"70","n",",","data/numerator/dep/mort78dep06pearcetotalnat.csv","Total","Mortality - Pearce Amenable","78","New Zealand","National"
"71","n",",","data/numerator/dep/mort910dep06pearcetotalnat.csv","Total","Mortality - Pearce Amenable","910","New Zealand","National"
"72","n",",","data/numerator/dep/mort1dep06pearcemaorinat.csv","Maori","Mortality - Pearce Amenable","1","New Zealand","National"
"73","n",",","data/numerator/dep/mort2dep06pearcemaorinat.csv","Maori","Mortality - Pearce Amenable","2","New Zealand","National"
"74","n",",","data/numerator/dep/mort3dep06pearcemaorinat.csv","Maori","Mortality - Pearce Amenable","3","New Zealand","National"
"75","n",",","data/numerator/dep/mort4dep06pearcemaorinat.csv","Maori","Mortality - Pearce Amenable","4","New Zealand","National"
"76","n",",","data/numerator/dep/mort5dep06pearcemaorinat.csv","Maori","Mortality - Pearce Amenable","5","New Zealand","National"
"77","n",",","data/numerator/dep/mort6dep06pearcemaorinat.csv","Maori","Mortality - Pearce Amenable","6","New Zealand","National"
"78","n",",","data/numerator/dep/mort7dep06pearcemaorinat.csv","Maori","Mortality - Pearce Amenable","7","New Zealand","National"
"79","n",",","data/numerator/dep/mort8dep06pearcemaorinat.csv","Maori","Mortality - Pearce Amenable","8","New Zealand","National"
"80","n",",","data/numerator/dep/mort9dep06pearcemaorinat.csv","Maori","Mortality - Pearce Amenable","9","New Zealand","National"
"81","n",",","data/numerator/dep/mort10dep06pearcemaorinat.csv","Maori","Mortality - Pearce Amenable","10","New Zealand","National"
"82","n",",","data/numerator/dep/mort12dep06pearcemaorinat.csv","Maori","Mortality - Pearce Amenable","12","New Zealand","National"
"83","n",",","data/numerator/dep/mort34dep06pearcemaorinat.csv","Maori","Mortality - Pearce Amenable","34","New Zealand","National"
"84","n",",","data/numerator/dep/mort56dep06pearcemaorinat.csv","Maori","Mortality - Pearce Amenable","56","New Zealand","National"
"85","n",",","data/numerator/dep/mort78dep06pearcemaorinat.csv","Maori","Mortality - Pearce Amenable","78","New Zealand","National"
"86","n",",","data/numerator/dep/mort910dep06pearcemaorinat.csv","Maori","Mortality - Pearce Amenable","910","New Zealand","National"
"87","n",",","data/numerator/dep/mort1dep06pearcenonmaorinat.csv","Non-Maori","Mortality - Pearce Amenable","1","New Zealand","National"
"88","n",",","data/numerator/dep/mort2dep06pearcenonmaorinat.csv","Non-Maori","Mortality - Pearce Amenable","2","New Zealand","National"
"89","n",",","data/numerator/dep/mort3dep06pearcenonmaorinat.csv","Non-Maori","Mortality - Pearce Amenable","3","New Zealand","National"
"90","n",",","data/numerator/dep/mort4dep06pearcenonmaorinat.csv","Non-Maori","Mortality - Pearce Amenable","4","New Zealand","National"
"91","n",",","data/numerator/dep/mort5dep06pearcenonmaorinat.csv","Non-Maori","Mortality - Pearce Amenable","5","New Zealand","National"
"92","n",",","data/numerator/dep/mort6dep06pearcenonmaorinat.csv","Non-Maori","Mortality - Pearce Amenable","6","New Zealand","National"
"93","n",",","data/numerator/dep/mort7dep06pearcenonmaorinat.csv","Non-Maori","Mortality - Pearce Amenable","7","New Zealand","National"
"94","n",",","data/numerator/dep/mort8dep06pearcenonmaorinat.csv","Non-Maori","Mortality - Pearce Amenable","8","New Zealand","National"
"95","n",",","data/numerator/dep/mort9dep06pearcenonmaorinat.csv","Non-Maori","Mortality - Pearce Amenable","9","New Zealand","National"
"96","n",",","data/numerator/dep/mort10dep06pearcenonmaorinat.csv","Non-Maori","Mortality - Pearce Amenable","10","New Zealand","National"
"97","n",",","data/numerator/dep/mort12dep06pearcenonmaorinat.csv","Non-Maori","Mortality - Pearce Amenable","12","New Zealand","National"
"98","n",",","data/numerator/dep/mort34dep06pearcenonmaorinat.csv","Non-Maori","Mortality - Pearce Amenable","34","New Zealand","National"
"99","n",",","data/numerator/dep/mort56dep06pearcenonmaorinat.csv","Non-Maori","Mortality - Pearce Amenable","56","New Zealand","National"
"100","n",",","data/numerator/dep/mort78dep06pearcenonmaorinat.csv","Non-Maori","Mortality - Pearce Amenable","78","New Zealand","National"
"101","n",",","data/numerator/dep/mort910dep06pearcenonmaorinat.csv","Non-Maori","Mortality - Pearce Amenable","910","New Zealand","National"
"102","n",",","data/numerator/dep/mort1dep06notpearcetotalnat.csv","Total","Mortality - Pearce Non-Amenable","1","New Zealand","National"
"103","n",",","data/numerator/dep/mort2dep06notpearcetotalnat.csv","Total","Mortality - Pearce Non-Amenable","2","New Zealand","National"
"104","n",",","data/numerator/dep/mort3dep06notpearcetotalnat.csv","Total","Mortality - Pearce Non-Amenable","3","New Zealand","National"
"105","n",",","data/numerator/dep/mort4dep06notpearcetotalnat.csv","Total","Mortality - Pearce Non-Amenable","4","New Zealand","National"
"106","n",",","data/numerator/dep/mort5dep06notpearcetotalnat.csv","Total","Mortality - Pearce Non-Amenable","5","New Zealand","National"
"107","n",",","data/numerator/dep/mort6dep06notpearcetotalnat.csv","Total","Mortality - Pearce Non-Amenable","6","New Zealand","National"
"108","n",",","data/numerator/dep/mort7dep06notpearcetotalnat.csv","Total","Mortality - Pearce Non-Amenable","7","New Zealand","National"
"109","n",",","data/numerator/dep/mort8dep06notpearcetotalnat.csv","Total","Mortality - Pearce Non-Amenable","8","New Zealand","National"
"110","n",",","data/numerator/dep/mort9dep06notpearcetotalnat.csv","Total","Mortality - Pearce Non-Amenable","9","New Zealand","National"
"111","n",",","data/numerator/dep/mort10dep06notpearcetotalnat.csv","Total","Mortality - Pearce Non-Amenable","10","New Zealand","National"
"112","n",",","data/numerator/dep/mort12dep06notpearcetotalnat.csv","Total","Mortality - Pearce Non-Amenable","12","New Zealand","National"
"113","n",",","data/numerator/dep/mort34dep06notpearcetotalnat.csv","Total","Mortality - Pearce Non-Amenable","34","New Zealand","National"
"114","n",",","data/numerator/dep/mort56dep06notpearcetotalnat.csv","Total","Mortality - Pearce Non-Amenable","56","New Zealand","National"
"115","n",",","data/numerator/dep/mort78dep06notpearcetotalnat.csv","Total","Mortality - Pearce Non-Amenable","78","New Zealand","National"
"116","n",",","data/numerator/dep/mort910dep06notpearcetotalnat.csv","Total","Mortality - Pearce Non-Amenable","910","New Zealand","National"
"117","n",",","data/numerator/dep/mort1dep06notpearcemaorinat.csv","Maori","Mortality - Pearce Non-Amenable","1","New Zealand","National"
"118","n",",","data/numerator/dep/mort2dep06notpearcemaorinat.csv","Maori","Mortality - Pearce Non-Amenable","2","New Zealand","National"
"119","n",",","data/numerator/dep/mort3dep06notpearcemaorinat.csv","Maori","Mortality - Pearce Non-Amenable","3","New Zealand","National"
"120","n",",","data/numerator/dep/mort4dep06notpearcemaorinat.csv","Maori","Mortality - Pearce Non-Amenable","4","New Zealand","National"
"121","n",",","data/numerator/dep/mort5dep06notpearcemaorinat.csv","Maori","Mortality - Pearce Non-Amenable","5","New Zealand","National"
"122","n",",","data/numerator/dep/mort6dep06notpearcemaorinat.csv","Maori","Mortality - Pearce Non-Amenable","6","New Zealand","National"
"123","n",",","data/numerator/dep/mort7dep06notpearcemaorinat.csv","Maori","Mortality - Pearce Non-Amenable","7","New Zealand","National"
"124","n",",","data/numerator/dep/mort8dep06notpearcemaorinat.csv","Maori","Mortality - Pearce Non-Amenable","8","New Zealand","National"
"125","n",",","data/numerator/dep/mort9dep06notpearcemaorinat.csv","Maori","Mortality - Pearce Non-Amenable","9","New Zealand","National"
"126","n",",","data/numerator/dep/mort10dep06notpearcemaorinat.csv","Maori","Mortality - Pearce Non-Amenable","10","New Zealand","National"
"127","n",",","data/numerator/dep/mort12dep06notpearcemaorinat.csv","Maori","Mortality - Pearce Non-Amenable","12","New Zealand","National"
"128","n",",","data/numerator/dep/mort34dep06notpearcemaorinat.csv","Maori","Mortality - Pearce Non-Amenable","34","New Zealand","National"
"129","n",",","data/numerator/dep/mort56dep06notpearcemaorinat.csv","Maori","Mortality - Pearce Non-Amenable","56","New Zealand","National"
"130","n",",","data/numerator/dep/mort78dep06notpearcemaorinat.csv","Maori","Mortality - Pearce Non-Amenable","78","New Zealand","National"
"131","n",",","data/numerator/dep/mort910dep06notpearcemaorinat.csv","Maori","Mortality - Pearce Non-Amenable","910","New Zealand","National"
"132","n",",","data/numerator/dep/mort1dep06notpearcenonmaorinat.csv","Non-Maori","Mortality - Pearce Non-Amenable","1","New Zealand","National"
"133","n",",","data/numerator/dep/mort2dep06notpearcenonmaorinat.csv","Non-Maori","Mortality - Pearce Non-Amenable","2","New Zealand","National"
"134","n",",","data/numerator/dep/mort3dep06notpearcenonmaorinat.csv","Non-Maori","Mortality - Pearce Non-Amenable","3","New Zealand","National"
"135","n",",","data/numerator/dep/mort4dep06notpearcenonmaorinat.csv","Non-Maori","Mortality - Pearce Non-Amenable","4","New Zealand","National"
"136","n",",","data/numerator/dep/mort5dep06notpearcenonmaorinat.csv","Non-Maori","Mortality - Pearce Non-Amenable","5","New Zealand","National"
"137","n",",","data/numerator/dep/mort6dep06notpearcenonmaorinat.csv","Non-Maori","Mortality - Pearce Non-Amenable","6","New Zealand","National"
"138","n",",","data/numerator/dep/mort7dep06notpearcenonmaorinat.csv","Non-Maori","Mortality - Pearce Non-Amenable","7","New Zealand","National"
"139","n",",","data/numerator/dep/mort8dep06notpearcenonmaorinat.csv","Non-Maori","Mortality - Pearce Non-Amenable","8","New Zealand","National"
"140","n",",","data/numerator/dep/mort9dep06notpearcenonmaorinat.csv","Non-Maori","Mortality - Pearce Non-Amenable","9","New Zealand","National"
"141","n",",","data/numerator/dep/mort10dep06notpearcenonmaorinat.csv","Non-Maori","Mortality - Pearce Non-Amenable","10","New Zealand","National"
"142","n",",","data/numerator/dep/mort12dep06notpearcenonmaorinat.csv","Non-Maori","Mortality - Pearce Non-Amenable","12","New Zealand","National"
"143","n",",","data/numerator/dep/mort34dep06notpearcenonmaorinat.csv","Non-Maori","Mortality - Pearce Non-Amenable","34","New Zealand","National"
"144","n",",","data/numerator/dep/mort56dep06notpearcenonmaorinat.csv","Non-Maori","Mortality - Pearce Non-Amenable","56","New Zealand","National"
"145","n",",","data/numerator/dep/mort78dep06notpearcenonmaorinat.csv","Non-Maori","Mortality - Pearce Non-Amenable","78","New Zealand","National"
"146","n",",","data/numerator/dep/mort910dep06notpearcenonmaorinat.csv","Non-Maori","Mortality - Pearce Non-Amenable","910","New Zealand","National"
"147","n",",","data/numerator/mortpearcetotalnat.csv","Total","Mortality - Pearce Amenable",NA,"New Zealand","National"
"148","n",",","data/numerator/mortpearcemaorinat.csv","Maori","Mortality - Pearce Amenable",NA,"New Zealand","National"
"149","n",",","data/numerator/mortpearcenonmaorinat.csv","Non-Maori","Mortality - Pearce Amenable",NA,"New Zealand","National"
"150","n",",","data/numerator/mortnotpearcetotalnat.csv","Total","Mortality - Pearce Non-Amenable",NA,"New Zealand","National"
"151","n",",","data/numerator/mortnotpearcemaorinat.csv","Maori","Mortality - Pearce Non-Amenable",NA,"New Zealand","National"
"152","n",",","data/numerator/mortnotpearcenonmaorinat.csv","Non-Maori","Mortality - Pearce Non-Amenable",NA,"New Zealand","National"
"153","n",",","data/numerator/mortpearcepacificnat.csv","Pacific","Mortality - Pearce Amenable",NA,"New Zealand","National"
"154","n",",","data/numerator/mortpearcenonpacificnat.csv","Non-Pacific","Mortality - Pearce Amenable",NA,"New Zealand","National"
"155","n",",","data/numerator/mortpearceasiannat.csv","Asian","Mortality - Pearce Amenable",NA,"New Zealand","National"
"156","n",",","data/numerator/mortpearcenonasiannat.csv","Non-Asian","Mortality - Pearce Amenable",NA,"New Zealand","National"
"157","n",",","data/numerator/mortpearcenonpacificnonmaorinat.csv","Non-Pacific-Non-Maori","Mortality - Pearce Amenable",NA,"New Zealand","National"
"158","n",",","data/numerator/mortnotpearcepacificnat.csv","Pacific","Mortality - Pearce Non-Amenable",NA,"New Zealand","National"
"159","n",",","data/numerator/mortnotpearcenonpacificnat.csv","Non-Pacific","Mortality - Pearce Non-Amenable",NA,"New Zealand","National"
"160","n",",","data/numerator/mortnotpearceasiannat.csv","Asian","Mortality - Pearce Non-Amenable",NA,"New Zealand","National"
"161","n",",","data/numerator/mortnotpearcenonasiannat.csv","Non-Asian","Mortality - Pearce Non-Amenable",NA,"New Zealand","National"
"162","n",",","data/numerator/mortnotpearcenonpacificnonmaorinat.csv","Non-Pacific-Non-Maori","Mortality - Pearce Non-Amenable",NA,"New Zealand","National"
"163","n",",","data/numerator/dep/mort1dep06raymontavtotalnat.csv","Total","Mortality - Raymont Avoidable","1","New Zealand","National"
"164","n",",","data/numerator/dep/mort2dep06raymontavtotalnat.csv","Total","Mortality - Raymont Avoidable","2","New Zealand","National"
"165","n",",","data/numerator/dep/mort3dep06raymontavtotalnat.csv","Total","Mortality - Raymont Avoidable","3","New Zealand","National"
"166","n",",","data/numerator/dep/mort4dep06raymontavtotalnat.csv","Total","Mortality - Raymont Avoidable","4","New Zealand","National"
"167","n",",","data/numerator/dep/mort5dep06raymontavtotalnat.csv","Total","Mortality - Raymont Avoidable","5","New Zealand","National"
"168","n",",","data/numerator/dep/mort6dep06raymontavtotalnat.csv","Total","Mortality - Raymont Avoidable","6","New Zealand","National"
"169","n",",","data/numerator/dep/mort7dep06raymontavtotalnat.csv","Total","Mortality - Raymont Avoidable","7","New Zealand","National"
"170","n",",","data/numerator/dep/mort8dep06raymontavtotalnat.csv","Total","Mortality - Raymont Avoidable","8","New Zealand","National"
"171","n",",","data/numerator/dep/mort9dep06raymontavtotalnat.csv","Total","Mortality - Raymont Avoidable","9","New Zealand","National"
"172","n",",","data/numerator/dep/mort10dep06raymontavtotalnat.csv","Total","Mortality - Raymont Avoidable","10","New Zealand","National"
"173","n",",","data/numerator/dep/mort12dep06raymontavtotalnat.csv","Total","Mortality - Raymont Avoidable","12","New Zealand","National"
"174","n",",","data/numerator/dep/mort34dep06raymontavtotalnat.csv","Total","Mortality - Raymont Avoidable","34","New Zealand","National"
"175","n",",","data/numerator/dep/mort56dep06raymontavtotalnat.csv","Total","Mortality - Raymont Avoidable","56","New Zealand","National"
"176","n",",","data/numerator/dep/mort78dep06raymontavtotalnat.csv","Total","Mortality - Raymont Avoidable","78","New Zealand","National"
"177","n",",","data/numerator/dep/mort910dep06raymontavtotalnat.csv","Total","Mortality - Raymont Avoidable","910","New Zealand","National"
"178","n",",","data/numerator/dep/mort1dep06raymontavmaorinat.csv","Maori","Mortality - Raymont Avoidable","1","New Zealand","National"
"179","n",",","data/numerator/dep/mort2dep06raymontavmaorinat.csv","Maori","Mortality - Raymont Avoidable","2","New Zealand","National"
"180","n",",","data/numerator/dep/mort3dep06raymontavmaorinat.csv","Maori","Mortality - Raymont Avoidable","3","New Zealand","National"
"181","n",",","data/numerator/dep/mort4dep06raymontavmaorinat.csv","Maori","Mortality - Raymont Avoidable","4","New Zealand","National"
"182","n",",","data/numerator/dep/mort5dep06raymontavmaorinat.csv","Maori","Mortality - Raymont Avoidable","5","New Zealand","National"
"183","n",",","data/numerator/dep/mort6dep06raymontavmaorinat.csv","Maori","Mortality - Raymont Avoidable","6","New Zealand","National"
"184","n",",","data/numerator/dep/mort7dep06raymontavmaorinat.csv","Maori","Mortality - Raymont Avoidable","7","New Zealand","National"
"185","n",",","data/numerator/dep/mort8dep06raymontavmaorinat.csv","Maori","Mortality - Raymont Avoidable","8","New Zealand","National"
"186","n",",","data/numerator/dep/mort9dep06raymontavmaorinat.csv","Maori","Mortality - Raymont Avoidable","9","New Zealand","National"
"187","n",",","data/numerator/dep/mort10dep06raymontavmaorinat.csv","Maori","Mortality - Raymont Avoidable","10","New Zealand","National"
"188","n",",","data/numerator/dep/mort12dep06raymontavmaorinat.csv","Maori","Mortality - Raymont Avoidable","12","New Zealand","National"
"189","n",",","data/numerator/dep/mort34dep06raymontavmaorinat.csv","Maori","Mortality - Raymont Avoidable","34","New Zealand","National"
"190","n",",","data/numerator/dep/mort56dep06raymontavmaorinat.csv","Maori","Mortality - Raymont Avoidable","56","New Zealand","National"
"191","n",",","data/numerator/dep/mort78dep06raymontavmaorinat.csv","Maori","Mortality - Raymont Avoidable","78","New Zealand","National"
"192","n",",","data/numerator/dep/mort910dep06raymontavmaorinat.csv","Maori","Mortality - Raymont Avoidable","910","New Zealand","National"
"193","n",",","data/numerator/dep/mort1dep06raymontavnonmaorinat.csv","Non-Maori","Mortality - Raymont Avoidable","1","New Zealand","National"
"194","n",",","data/numerator/dep/mort2dep06raymontavnonmaorinat.csv","Non-Maori","Mortality - Raymont Avoidable","2","New Zealand","National"
"195","n",",","data/numerator/dep/mort3dep06raymontavnonmaorinat.csv","Non-Maori","Mortality - Raymont Avoidable","3","New Zealand","National"
"196","n",",","data/numerator/dep/mort4dep06raymontavnonmaorinat.csv","Non-Maori","Mortality - Raymont Avoidable","4","New Zealand","National"
"197","n",",","data/numerator/dep/mort5dep06raymontavnonmaorinat.csv","Non-Maori","Mortality - Raymont Avoidable","5","New Zealand","National"
"198","n",",","data/numerator/dep/mort6dep06raymontavnonmaorinat.csv","Non-Maori","Mortality - Raymont Avoidable","6","New Zealand","National"
"199","n",",","data/numerator/dep/mort7dep06raymontavnonmaorinat.csv","Non-Maori","Mortality - Raymont Avoidable","7","New Zealand","National"
"200","n",",","data/numerator/dep/mort8dep06raymontavnonmaorinat.csv","Non-Maori","Mortality - Raymont Avoidable","8","New Zealand","National"
"201","n",",","data/numerator/dep/mort9dep06raymontavnonmaorinat.csv","Non-Maori","Mortality - Raymont Avoidable","9","New Zealand","National"
"202","n",",","data/numerator/dep/mort10dep06raymontavnonmaorinat.csv","Non-Maori","Mortality - Raymont Avoidable","10","New Zealand","National"
"203","n",",","data/numerator/dep/mort12dep06raymontavnonmaorinat.csv","Non-Maori","Mortality - Raymont Avoidable","12","New Zealand","National"
"204","n",",","data/numerator/dep/mort34dep06raymontavnonmaorinat.csv","Non-Maori","Mortality - Raymont Avoidable","34","New Zealand","National"
"205","n",",","data/numerator/dep/mort56dep06raymontavnonmaorinat.csv","Non-Maori","Mortality - Raymont Avoidable","56","New Zealand","National"
"206","n",",","data/numerator/dep/mort78dep06raymontavnonmaorinat.csv","Non-Maori","Mortality - Raymont Avoidable","78","New Zealand","National"
"207","n",",","data/numerator/dep/mort910dep06raymontavnonmaorinat.csv","Non-Maori","Mortality - Raymont Avoidable","910","New Zealand","National"
"208","n",",","data/numerator/dep/mort1dep06notraymontavtotalnat.csv","Total","Mortality - Raymont Non-Avoidable","1","New Zealand","National"
"209","n",",","data/numerator/dep/mort2dep06notraymontavtotalnat.csv","Total","Mortality - Raymont Non-Avoidable","2","New Zealand","National"
"210","n",",","data/numerator/dep/mort3dep06notraymontavtotalnat.csv","Total","Mortality - Raymont Non-Avoidable","3","New Zealand","National"
"211","n",",","data/numerator/dep/mort4dep06notraymontavtotalnat.csv","Total","Mortality - Raymont Non-Avoidable","4","New Zealand","National"
"212","n",",","data/numerator/dep/mort5dep06notraymontavtotalnat.csv","Total","Mortality - Raymont Non-Avoidable","5","New Zealand","National"
"213","n",",","data/numerator/dep/mort6dep06notraymontavtotalnat.csv","Total","Mortality - Raymont Non-Avoidable","6","New Zealand","National"
"214","n",",","data/numerator/dep/mort7dep06notraymontavtotalnat.csv","Total","Mortality - Raymont Non-Avoidable","7","New Zealand","National"
"215","n",",","data/numerator/dep/mort8dep06notraymontavtotalnat.csv","Total","Mortality - Raymont Non-Avoidable","8","New Zealand","National"
"216","n",",","data/numerator/dep/mort9dep06notraymontavtotalnat.csv","Total","Mortality - Raymont Non-Avoidable","9","New Zealand","National"
"217","n",",","data/numerator/dep/mort10dep06notraymontavtotalnat.csv","Total","Mortality - Raymont Non-Avoidable","10","New Zealand","National"
"218","n",",","data/numerator/dep/mort12dep06notraymontavtotalnat.csv","Total","Mortality - Raymont Non-Avoidable","12","New Zealand","National"
"219","n",",","data/numerator/dep/mort34dep06notraymontavtotalnat.csv","Total","Mortality - Raymont Non-Avoidable","34","New Zealand","National"
"220","n",",","data/numerator/dep/mort56dep06notraymontavtotalnat.csv","Total","Mortality - Raymont Non-Avoidable","56","New Zealand","National"
"221","n",",","data/numerator/dep/mort78dep06notraymontavtotalnat.csv","Total","Mortality - Raymont Non-Avoidable","78","New Zealand","National"
"222","n",",","data/numerator/dep/mort910dep06notraymontavtotalnat.csv","Total","Mortality - Raymont Non-Avoidable","910","New Zealand","National"
"223","n",",","data/numerator/dep/mort1dep06notraymontavmaorinat.csv","Maori","Mortality - Raymont Non-Avoidable","1","New Zealand","National"
"224","n",",","data/numerator/dep/mort2dep06notraymontavmaorinat.csv","Maori","Mortality - Raymont Non-Avoidable","2","New Zealand","National"
"225","n",",","data/numerator/dep/mort3dep06notraymontavmaorinat.csv","Maori","Mortality - Raymont Non-Avoidable","3","New Zealand","National"
"226","n",",","data/numerator/dep/mort4dep06notraymontavmaorinat.csv","Maori","Mortality - Raymont Non-Avoidable","4","New Zealand","National"
"227","n",",","data/numerator/dep/mort5dep06notraymontavmaorinat.csv","Maori","Mortality - Raymont Non-Avoidable","5","New Zealand","National"
"228","n",",","data/numerator/dep/mort6dep06notraymontavmaorinat.csv","Maori","Mortality - Raymont Non-Avoidable","6","New Zealand","National"
"229","n",",","data/numerator/dep/mort7dep06notraymontavmaorinat.csv","Maori","Mortality - Raymont Non-Avoidable","7","New Zealand","National"
"230","n",",","data/numerator/dep/mort8dep06notraymontavmaorinat.csv","Maori","Mortality - Raymont Non-Avoidable","8","New Zealand","National"
"231","n",",","data/numerator/dep/mort9dep06notraymontavmaorinat.csv","Maori","Mortality - Raymont Non-Avoidable","9","New Zealand","National"
"232","n",",","data/numerator/dep/mort10dep06notraymontavmaorinat.csv","Maori","Mortality - Raymont Non-Avoidable","10","New Zealand","National"
"233","n",",","data/numerator/dep/mort12dep06notraymontavmaorinat.csv","Maori","Mortality - Raymont Non-Avoidable","12","New Zealand","National"
"234","n",",","data/numerator/dep/mort34dep06notraymontavmaorinat.csv","Maori","Mortality - Raymont Non-Avoidable","34","New Zealand","National"
"235","n",",","data/numerator/dep/mort56dep06notraymontavmaorinat.csv","Maori","Mortality - Raymont Non-Avoidable","56","New Zealand","National"
"236","n",",","data/numerator/dep/mort78dep06notraymontavmaorinat.csv","Maori","Mortality - Raymont Non-Avoidable","78","New Zealand","National"
"237","n",",","data/numerator/dep/mort910dep06notraymontavmaorinat.csv","Maori","Mortality - Raymont Non-Avoidable","910","New Zealand","National"
"238","n",",","data/numerator/dep/mort1dep06notraymontavnonmaorinat.csv","Non-Maori","Mortality - Raymont Non-Avoidable","1","New Zealand","National"
"239","n",",","data/numerator/dep/mort2dep06notraymontavnonmaorinat.csv","Non-Maori","Mortality - Raymont Non-Avoidable","2","New Zealand","National"
"240","n",",","data/numerator/dep/mort3dep06notraymontavnonmaorinat.csv","Non-Maori","Mortality - Raymont Non-Avoidable","3","New Zealand","National"
"241","n",",","data/numerator/dep/mort4dep06notraymontavnonmaorinat.csv","Non-Maori","Mortality - Raymont Non-Avoidable","4","New Zealand","National"
"242","n",",","data/numerator/dep/mort5dep06notraymontavnonmaorinat.csv","Non-Maori","Mortality - Raymont Non-Avoidable","5","New Zealand","National"
"243","n",",","data/numerator/dep/mort6dep06notraymontavnonmaorinat.csv","Non-Maori","Mortality - Raymont Non-Avoidable","6","New Zealand","National"
"244","n",",","data/numerator/dep/mort7dep06notraymontavnonmaorinat.csv","Non-Maori","Mortality - Raymont Non-Avoidable","7","New Zealand","National"
"245","n",",","data/numerator/dep/mort8dep06notraymontavnonmaorinat.csv","Non-Maori","Mortality - Raymont Non-Avoidable","8","New Zealand","National"
"246","n",",","data/numerator/dep/mort9dep06notraymontavnonmaorinat.csv","Non-Maori","Mortality - Raymont Non-Avoidable","9","New Zealand","National"
"247","n",",","data/numerator/dep/mort10dep06notraymontavnonmaorinat.csv","Non-Maori","Mortality - Raymont Non-Avoidable","10","New Zealand","National"
"248","n",",","data/numerator/dep/mort12dep06notraymontavnonmaorinat.csv","Non-Maori","Mortality - Raymont Non-Avoidable","12","New Zealand","National"
"249","n",",","data/numerator/dep/mort34dep06notraymontavnonmaorinat.csv","Non-Maori","Mortality - Raymont Non-Avoidable","34","New Zealand","National"
"250","n",",","data/numerator/dep/mort56dep06notraymontavnonmaorinat.csv","Non-Maori","Mortality - Raymont Non-Avoidable","56","New Zealand","National"
"251","n",",","data/numerator/dep/mort78dep06notraymontavnonmaorinat.csv","Non-Maori","Mortality - Raymont Non-Avoidable","78","New Zealand","National"
"252","n",",","data/numerator/dep/mort910dep06notraymontavnonmaorinat.csv","Non-Maori","Mortality - Raymont Non-Avoidable","910","New Zealand","National"
"253","n",",","data/numerator/mortraymontavtotalnat.csv","Total","Mortality - Raymont Avoidable",NA,"New Zealand","National"
"254","n",",","data/numerator/mortraymontavmaorinat.csv","Maori","Mortality - Raymont Avoidable",NA,"New Zealand","National"
"255","n",",","data/numerator/mortraymontavnonmaorinat.csv","Non-Maori","Mortality - Raymont Avoidable",NA,"New Zealand","National"
"256","n",",","data/numerator/mortnotraymontavtotalnat.csv","Total","Mortality - Raymont Non-Avoidable",NA,"New Zealand","National"
"257","n",",","data/numerator/mortnotraymontavmaorinat.csv","Maori","Mortality - Raymont Non-Avoidable",NA,"New Zealand","National"
"258","n",",","data/numerator/mortnotraymontavnonmaorinat.csv","Non-Maori","Mortality - Raymont Non-Avoidable",NA,"New Zealand","National"
"259","n",",","data/numerator/mortraymontavpacificnat.csv","Pacific","Mortality - Raymont Avoidable",NA,"New Zealand","National"
"260","n",",","data/numerator/mortraymontavnonpacificnat.csv","Non-Pacific","Mortality - Raymont Avoidable",NA,"New Zealand","National"
"261","n",",","data/numerator/mortraymontavasiannat.csv","Asian","Mortality - Raymont Avoidable",NA,"New Zealand","National"
"262","n",",","data/numerator/mortraymontavnonasiannat.csv","Non-Asian","Mortality - Raymont Avoidable",NA,"New Zealand","National"
"263","n",",","data/numerator/mortraymontavnonpacificnonmaorinat.csv","Non-Pacific-Non-Maori","Mortality - Raymont Avoidable",NA,"New Zealand","National"
"264","n",",","data/numerator/mortnotraymontavpacificnat.csv","Pacific","Mortality - Raymont Non-Avoidable",NA,"New Zealand","National"
"265","n",",","data/numerator/mortnotraymontavnonpacificnat.csv","Non-Pacific","Mortality - Raymont Non-Avoidable",NA,"New Zealand","National"
"266","n",",","data/numerator/mortnotraymontavasiannat.csv","Asian","Mortality - Raymont Non-Avoidable",NA,"New Zealand","National"
"267","n",",","data/numerator/mortnotraymontavnonasiannat.csv","Non-Asian","Mortality - Raymont Non-Avoidable",NA,"New Zealand","National"
"268","n",",","data/numerator/mortnotraymontavnonpacificnonmaorinat.csv","Non-Pacific-Non-Maori","Mortality - Raymont Non-Avoidable",NA,"New Zealand","National"
"269","n",",","data/numerator/dep/mort1dep06raymontamtotalnat.csv","Total","Mortality - Raymont Amenable","1","New Zealand","National"
"270","n",",","data/numerator/dep/mort2dep06raymontamtotalnat.csv","Total","Mortality - Raymont Amenable","2","New Zealand","National"
"271","n",",","data/numerator/dep/mort3dep06raymontamtotalnat.csv","Total","Mortality - Raymont Amenable","3","New Zealand","National"
"272","n",",","data/numerator/dep/mort4dep06raymontamtotalnat.csv","Total","Mortality - Raymont Amenable","4","New Zealand","National"
"273","n",",","data/numerator/dep/mort5dep06raymontamtotalnat.csv","Total","Mortality - Raymont Amenable","5","New Zealand","National"
"274","n",",","data/numerator/dep/mort6dep06raymontamtotalnat.csv","Total","Mortality - Raymont Amenable","6","New Zealand","National"
"275","n",",","data/numerator/dep/mort7dep06raymontamtotalnat.csv","Total","Mortality - Raymont Amenable","7","New Zealand","National"
"276","n",",","data/numerator/dep/mort8dep06raymontamtotalnat.csv","Total","Mortality - Raymont Amenable","8","New Zealand","National"
"277","n",",","data/numerator/dep/mort9dep06raymontamtotalnat.csv","Total","Mortality - Raymont Amenable","9","New Zealand","National"
"278","n",",","data/numerator/dep/mort10dep06raymontamtotalnat.csv","Total","Mortality - Raymont Amenable","10","New Zealand","National"
"279","n",",","data/numerator/dep/mort12dep06raymontamtotalnat.csv","Total","Mortality - Raymont Amenable","12","New Zealand","National"
"280","n",",","data/numerator/dep/mort34dep06raymontamtotalnat.csv","Total","Mortality - Raymont Amenable","34","New Zealand","National"
"281","n",",","data/numerator/dep/mort56dep06raymontamtotalnat.csv","Total","Mortality - Raymont Amenable","56","New Zealand","National"
"282","n",",","data/numerator/dep/mort78dep06raymontamtotalnat.csv","Total","Mortality - Raymont Amenable","78","New Zealand","National"
"283","n",",","data/numerator/dep/mort910dep06raymontamtotalnat.csv","Total","Mortality - Raymont Amenable","910","New Zealand","National"
"284","n",",","data/numerator/dep/mort1dep06raymontammaorinat.csv","Maori","Mortality - Raymont Amenable","1","New Zealand","National"
"285","n",",","data/numerator/dep/mort2dep06raymontammaorinat.csv","Maori","Mortality - Raymont Amenable","2","New Zealand","National"
"286","n",",","data/numerator/dep/mort3dep06raymontammaorinat.csv","Maori","Mortality - Raymont Amenable","3","New Zealand","National"
"287","n",",","data/numerator/dep/mort4dep06raymontammaorinat.csv","Maori","Mortality - Raymont Amenable","4","New Zealand","National"
"288","n",",","data/numerator/dep/mort5dep06raymontammaorinat.csv","Maori","Mortality - Raymont Amenable","5","New Zealand","National"
"289","n",",","data/numerator/dep/mort6dep06raymontammaorinat.csv","Maori","Mortality - Raymont Amenable","6","New Zealand","National"
"290","n",",","data/numerator/dep/mort7dep06raymontammaorinat.csv","Maori","Mortality - Raymont Amenable","7","New Zealand","National"
"291","n",",","data/numerator/dep/mort8dep06raymontammaorinat.csv","Maori","Mortality - Raymont Amenable","8","New Zealand","National"
"292","n",",","data/numerator/dep/mort9dep06raymontammaorinat.csv","Maori","Mortality - Raymont Amenable","9","New Zealand","National"
"293","n",",","data/numerator/dep/mort10dep06raymontammaorinat.csv","Maori","Mortality - Raymont Amenable","10","New Zealand","National"
"294","n",",","data/numerator/dep/mort12dep06raymontammaorinat.csv","Maori","Mortality - Raymont Amenable","12","New Zealand","National"
"295","n",",","data/numerator/dep/mort34dep06raymontammaorinat.csv","Maori","Mortality - Raymont Amenable","34","New Zealand","National"
"296","n",",","data/numerator/dep/mort56dep06raymontammaorinat.csv","Maori","Mortality - Raymont Amenable","56","New Zealand","National"
"297","n",",","data/numerator/dep/mort78dep06raymontammaorinat.csv","Maori","Mortality - Raymont Amenable","78","New Zealand","National"
"298","n",",","data/numerator/dep/mort910dep06raymontammaorinat.csv","Maori","Mortality - Raymont Amenable","910","New Zealand","National"
"299","n",",","data/numerator/dep/mort1dep06raymontamnonmaorinat.csv","Non-Maori","Mortality - Raymont Amenable","1","New Zealand","National"
"300","n",",","data/numerator/dep/mort2dep06raymontamnonmaorinat.csv","Non-Maori","Mortality - Raymont Amenable","2","New Zealand","National"
"301","n",",","data/numerator/dep/mort3dep06raymontamnonmaorinat.csv","Non-Maori","Mortality - Raymont Amenable","3","New Zealand","National"
"302","n",",","data/numerator/dep/mort4dep06raymontamnonmaorinat.csv","Non-Maori","Mortality - Raymont Amenable","4","New Zealand","National"
"303","n",",","data/numerator/dep/mort5dep06raymontamnonmaorinat.csv","Non-Maori","Mortality - Raymont Amenable","5","New Zealand","National"
"304","n",",","data/numerator/dep/mort6dep06raymontamnonmaorinat.csv","Non-Maori","Mortality - Raymont Amenable","6","New Zealand","National"
"305","n",",","data/numerator/dep/mort7dep06raymontamnonmaorinat.csv","Non-Maori","Mortality - Raymont Amenable","7","New Zealand","National"
"306","n",",","data/numerator/dep/mort8dep06raymontamnonmaorinat.csv","Non-Maori","Mortality - Raymont Amenable","8","New Zealand","National"
"307","n",",","data/numerator/dep/mort9dep06raymontamnonmaorinat.csv","Non-Maori","Mortality - Raymont Amenable","9","New Zealand","National"
"308","n",",","data/numerator/dep/mort10dep06raymontamnonmaorinat.csv","Non-Maori","Mortality - Raymont Amenable","10","New Zealand","National"
"309","n",",","data/numerator/dep/mort12dep06raymontamnonmaorinat.csv","Non-Maori","Mortality - Raymont Amenable","12","New Zealand","National"
"310","n",",","data/numerator/dep/mort34dep06raymontamnonmaorinat.csv","Non-Maori","Mortality - Raymont Amenable","34","New Zealand","National"
"311","n",",","data/numerator/dep/mort56dep06raymontamnonmaorinat.csv","Non-Maori","Mortality - Raymont Amenable","56","New Zealand","National"
"312","n",",","data/numerator/dep/mort78dep06raymontamnonmaorinat.csv","Non-Maori","Mortality - Raymont Amenable","78","New Zealand","National"
"313","n",",","data/numerator/dep/mort910dep06raymontamnonmaorinat.csv","Non-Maori","Mortality - Raymont Amenable","910","New Zealand","National"
"314","n",",","data/numerator/dep/mort1dep06notraymontamtotalnat.csv","Total","Mortality - Raymont Non-Amenable","1","New Zealand","National"
"315","n",",","data/numerator/dep/mort2dep06notraymontamtotalnat.csv","Total","Mortality - Raymont Non-Amenable","2","New Zealand","National"
"316","n",",","data/numerator/dep/mort3dep06notraymontamtotalnat.csv","Total","Mortality - Raymont Non-Amenable","3","New Zealand","National"
"317","n",",","data/numerator/dep/mort4dep06notraymontamtotalnat.csv","Total","Mortality - Raymont Non-Amenable","4","New Zealand","National"
"318","n",",","data/numerator/dep/mort5dep06notraymontamtotalnat.csv","Total","Mortality - Raymont Non-Amenable","5","New Zealand","National"
"319","n",",","data/numerator/dep/mort6dep06notraymontamtotalnat.csv","Total","Mortality - Raymont Non-Amenable","6","New Zealand","National"
"320","n",",","data/numerator/dep/mort7dep06notraymontamtotalnat.csv","Total","Mortality - Raymont Non-Amenable","7","New Zealand","National"
"321","n",",","data/numerator/dep/mort8dep06notraymontamtotalnat.csv","Total","Mortality - Raymont Non-Amenable","8","New Zealand","National"
"322","n",",","data/numerator/dep/mort9dep06notraymontamtotalnat.csv","Total","Mortality - Raymont Non-Amenable","9","New Zealand","National"
"323","n",",","data/numerator/dep/mort10dep06notraymontamtotalnat.csv","Total","Mortality - Raymont Non-Amenable","10","New Zealand","National"
"324","n",",","data/numerator/dep/mort12dep06notraymontamtotalnat.csv","Total","Mortality - Raymont Non-Amenable","12","New Zealand","National"
"325","n",",","data/numerator/dep/mort34dep06notraymontamtotalnat.csv","Total","Mortality - Raymont Non-Amenable","34","New Zealand","National"
"326","n",",","data/numerator/dep/mort56dep06notraymontamtotalnat.csv","Total","Mortality - Raymont Non-Amenable","56","New Zealand","National"
"327","n",",","data/numerator/dep/mort78dep06notraymontamtotalnat.csv","Total","Mortality - Raymont Non-Amenable","78","New Zealand","National"
"328","n",",","data/numerator/dep/mort910dep06notraymontamtotalnat.csv","Total","Mortality - Raymont Non-Amenable","910","New Zealand","National"
"329","n",",","data/numerator/dep/mort1dep06notraymontammaorinat.csv","Maori","Mortality - Raymont Non-Amenable","1","New Zealand","National"
"330","n",",","data/numerator/dep/mort2dep06notraymontammaorinat.csv","Maori","Mortality - Raymont Non-Amenable","2","New Zealand","National"
"331","n",",","data/numerator/dep/mort3dep06notraymontammaorinat.csv","Maori","Mortality - Raymont Non-Amenable","3","New Zealand","National"
"332","n",",","data/numerator/dep/mort4dep06notraymontammaorinat.csv","Maori","Mortality - Raymont Non-Amenable","4","New Zealand","National"
"333","n",",","data/numerator/dep/mort5dep06notraymontammaorinat.csv","Maori","Mortality - Raymont Non-Amenable","5","New Zealand","National"
"334","n",",","data/numerator/dep/mort6dep06notraymontammaorinat.csv","Maori","Mortality - Raymont Non-Amenable","6","New Zealand","National"
"335","n",",","data/numerator/dep/mort7dep06notraymontammaorinat.csv","Maori","Mortality - Raymont Non-Amenable","7","New Zealand","National"
"336","n",",","data/numerator/dep/mort8dep06notraymontammaorinat.csv","Maori","Mortality - Raymont Non-Amenable","8","New Zealand","National"
"337","n",",","data/numerator/dep/mort9dep06notraymontammaorinat.csv","Maori","Mortality - Raymont Non-Amenable","9","New Zealand","National"
"338","n",",","data/numerator/dep/mort10dep06notraymontammaorinat.csv","Maori","Mortality - Raymont Non-Amenable","10","New Zealand","National"
"339","n",",","data/numerator/dep/mort12dep06notraymontammaorinat.csv","Maori","Mortality - Raymont Non-Amenable","12","New Zealand","National"
"340","n",",","data/numerator/dep/mort34dep06notraymontammaorinat.csv","Maori","Mortality - Raymont Non-Amenable","34","New Zealand","National"
"341","n",",","data/numerator/dep/mort56dep06notraymontammaorinat.csv","Maori","Mortality - Raymont Non-Amenable","56","New Zealand","National"
"342","n",",","data/numerator/dep/mort78dep06notraymontammaorinat.csv","Maori","Mortality - Raymont Non-Amenable","78","New Zealand","National"
"343","n",",","data/numerator/dep/mort910dep06notraymontammaorinat.csv","Maori","Mortality - Raymont Non-Amenable","910","New Zealand","National"
"344","n",",","data/numerator/dep/mort1dep06notraymontamnonmaorinat.csv","Non-Maori","Mortality - Raymont Non-Amenable","1","New Zealand","National"
"345","n",",","data/numerator/dep/mort2dep06notraymontamnonmaorinat.csv","Non-Maori","Mortality - Raymont Non-Amenable","2","New Zealand","National"
"346","n",",","data/numerator/dep/mort3dep06notraymontamnonmaorinat.csv","Non-Maori","Mortality - Raymont Non-Amenable","3","New Zealand","National"
"347","n",",","data/numerator/dep/mort4dep06notraymontamnonmaorinat.csv","Non-Maori","Mortality - Raymont Non-Amenable","4","New Zealand","National"
"348","n",",","data/numerator/dep/mort5dep06notraymontamnonmaorinat.csv","Non-Maori","Mortality - Raymont Non-Amenable","5","New Zealand","National"
"349","n",",","data/numerator/dep/mort6dep06notraymontamnonmaorinat.csv","Non-Maori","Mortality - Raymont Non-Amenable","6","New Zealand","National"
"350","n",",","data/numerator/dep/mort7dep06notraymontamnonmaorinat.csv","Non-Maori","Mortality - Raymont Non-Amenable","7","New Zealand","National"
"351","n",",","data/numerator/dep/mort8dep06notraymontamnonmaorinat.csv","Non-Maori","Mortality - Raymont Non-Amenable","8","New Zealand","National"
"352","n",",","data/numerator/dep/mort9dep06notraymontamnonmaorinat.csv","Non-Maori","Mortality - Raymont Non-Amenable","9","New Zealand","National"
"353","n",",","data/numerator/dep/mort10dep06notraymontamnonmaorinat.csv","Non-Maori","Mortality - Raymont Non-Amenable","10","New Zealand","National"
"354","n",",","data/numerator/dep/mort12dep06notraymontamnonmaorinat.csv","Non-Maori","Mortality - Raymont Non-Amenable","12","New Zealand","National"
"355","n",",","data/numerator/dep/mort34dep06notraymontamnonmaorinat.csv","Non-Maori","Mortality - Raymont Non-Amenable","34","New Zealand","National"
"356","n",",","data/numerator/dep/mort56dep06notraymontamnonmaorinat.csv","Non-Maori","Mortality - Raymont Non-Amenable","56","New Zealand","National"
"357","n",",","data/numerator/dep/mort78dep06notraymontamnonmaorinat.csv","Non-Maori","Mortality - Raymont Non-Amenable","78","New Zealand","National"
"358","n",",","data/numerator/dep/mort910dep06notraymontamnonmaorinat.csv","Non-Maori","Mortality - Raymont Non-Amenable","910","New Zealand","National"
"359","n",",","data/numerator/mortraymontamtotalnat.csv","Total","Mortality - Raymont Amenable",NA,"New Zealand","National"
"360","n",",","data/numerator/mortraymontammaorinat.csv","Maori","Mortality - Raymont Amenable",NA,"New Zealand","National"
"361","n",",","data/numerator/mortraymontamnonmaorinat.csv","Non-Maori","Mortality - Raymont Amenable",NA,"New Zealand","National"
"362","n",",","data/numerator/mortnotraymontamtotalnat.csv","Total","Mortality - Raymont Non-Amenable",NA,"New Zealand","National"
"363","n",",","data/numerator/mortnotraymontammaorinat.csv","Maori","Mortality - Raymont Non-Amenable",NA,"New Zealand","National"
"364","n",",","data/numerator/mortnotraymontamnonmaorinat.csv","Non-Maori","Mortality - Raymont Non-Amenable",NA,"New Zealand","National"
"365","n",",","data/numerator/mortraymontampacificnat.csv","Pacific","Mortality - Raymont Amenable",NA,"New Zealand","National"
"366","n",",","data/numerator/mortraymontamnonpacificnat.csv","Non-Pacific","Mortality - Raymont Amenable",NA,"New Zealand","National"
"367","n",",","data/numerator/mortraymontamasiannat.csv","Asian","Mortality - Raymont Amenable",NA,"New Zealand","National"
"368","n",",","data/numerator/mortraymontamnonasiannat.csv","Non-Asian","Mortality - Raymont Amenable",NA,"New Zealand","National"
"369","n",",","data/numerator/mortraymontamnonpacificnonmaorinat.csv","Non-Pacific-Non-Maori","Mortality - Raymont Amenable",NA,"New Zealand","National"
"370","n",",","data/numerator/mortnotraymontampacificnat.csv","Pacific","Mortality - Raymont Non-Amenable",NA,"New Zealand","National"
"371","n",",","data/numerator/mortnotraymontamnonpacificnat.csv","Non-Pacific","Mortality - Raymont Non-Amenable",NA,"New Zealand","National"
"372","n",",","data/numerator/mortnotraymontamasiannat.csv","Asian","Mortality - Raymont Non-Amenable",NA,"New Zealand","National"
"373","n",",","data/numerator/mortnotraymontamnonasiannat.csv","Non-Asian","Mortality - Raymont Non-Amenable",NA,"New Zealand","National"
"374","n",",","data/numerator/mortnotraymontamnonpacificnonmaorinat.csv","Non-Pacific-Non-Maori","Mortality - Raymont Non-Amenable",NA,"New Zealand","National"
"375","n",",","data/numerator/morttobiastotalnat.csv","Total","Mortality - Tobias Amenable",NA,"New Zealand","National"
"376","n",",","data/numerator/morttobiasmaorinat.csv","Maori","Mortality - Tobias Amenable",NA,"New Zealand","National"
"377","n",",","data/numerator/morttobiasnonmaorinat.csv","Non-Maori","Mortality - Tobias Amenable",NA,"New Zealand","National"
"378","n",",","data/numerator/mortnottobiastotalnat.csv","Total","Mortality - Tobias Non-Amenable",NA,"New Zealand","National"
"379","n",",","data/numerator/mortnottobiasmaorinat.csv","Maori","Mortality - Tobias Non-Amenable",NA,"New Zealand","National"
"380","n",",","data/numerator/mortnottobiasnonmaorinat.csv","Non-Maori","Mortality - Tobias Non-Amenable",NA,"New Zealand","National"
"381","n",",","data/numerator/morttobiaspacificnat.csv","Pacific","Mortality - Tobias Amenable",NA,"New Zealand","National"
"382","n",",","data/numerator/morttobiasnonpacificnat.csv","Non-Pacific","Mortality - Tobias Amenable",NA,"New Zealand","National"
"383","n",",","data/numerator/morttobiasasiannat.csv","Asian","Mortality - Tobias Amenable",NA,"New Zealand","National"
"384","n",",","data/numerator/morttobiasnonasiannat.csv","Non-Asian","Mortality - Tobias Amenable",NA,"New Zealand","National"
"385","n",",","data/numerator/morttobiasnonpacificnonmaorinat.csv","Non-Pacific-Non-Maori","Mortality - Tobias Amenable",NA,"New Zealand","National"
"386","n",",","data/numerator/mortnottobiaspacificnat.csv","Pacific","Mortality - Tobias Non-Amenable",NA,"New Zealand","National"
"387","n",",","data/numerator/mortnottobiasnonpacificnat.csv","Non-Pacific","Mortality - Tobias Non-Amenable",NA,"New Zealand","National"
"388","n",",","data/numerator/mortnottobiasasiannat.csv","Asian","Mortality - Tobias Non-Amenable",NA,"New Zealand","National"
"389","n",",","data/numerator/mortnottobiasnonasiannat.csv","Non-Asian","Mortality - Tobias Non-Amenable",NA,"New Zealand","National"
"390","n",",","data/numerator/mortnottobiasnonpacificnonmaorinat.csv","Non-Pacific-Non-Maori","Mortality - Tobias Non-Amenable",NA,"New Zealand","National"
"391","n",",","data/numerator/mortmohtotalnat.csv","Total","Mortality - MoH Amenable",NA,"New Zealand","National"
"392","n",",","data/numerator/mortmohmaorinat.csv","Maori","Mortality - MoH Amenable",NA,"New Zealand","National"
"393","n",",","data/numerator/mortmohnonmaorinat.csv","Non-Maori","Mortality - MoH Amenable",NA,"New Zealand","National"
"394","n",",","data/numerator/mortnotmohtotalnat.csv","Total","Mortality - MoH Non-Amenable",NA,"New Zealand","National"
"395","n",",","data/numerator/mortnotmohmaorinat.csv","Maori","Mortality - MoH Non-Amenable",NA,"New Zealand","National"
"396","n",",","data/numerator/mortnotmohnonmaorinat.csv","Non-Maori","Mortality - MoH Non-Amenable",NA,"New Zealand","National"
"397","n",",","data/numerator/mortmohpacificnat.csv","Pacific","Mortality - MoH Amenable",NA,"New Zealand","National"
"398","n",",","data/numerator/mortmohnonpacificnat.csv","Non-Pacific","Mortality - MoH Amenable",NA,"New Zealand","National"
"399","n",",","data/numerator/mortmohasiannat.csv","Asian","Mortality - MoH Amenable",NA,"New Zealand","National"
"400","n",",","data/numerator/mortmohnonasiannat.csv","Non-Asian","Mortality - MoH Amenable",NA,"New Zealand","National"
"401","n",",","data/numerator/mortmohnonpacificnonmaorinat.csv","Non-Pacific-Non-Maori","Mortality - MoH Amenable",NA,"New Zealand","National"
"402","n",",","data/numerator/mortnotmohpacificnat.csv","Pacific","Mortality - MoH Non-Amenable",NA,"New Zealand","National"
"403","n",",","data/numerator/mortnotmohnonpacificnat.csv","Non-Pacific","Mortality - MoH Non-Amenable",NA,"New Zealand","National"
"404","n",",","data/numerator/mortnotmohasiannat.csv","Asian","Mortality - MoH Non-Amenable",NA,"New Zealand","National"
"405","n",",","data/numerator/mortnotmohnonasiannat.csv","Non-Asian","Mortality - MoH Non-Amenable",NA,"New Zealand","National"
"406","n",",","data/numerator/mortnotmohnonpacificnonmaorinat.csv","Non-Pacific-Non-Maori","Mortality - MoH Non-Amenable",NA,"New Zealand","National"
"407","n",";","data/numerator/gastric08totalnat.csv","Total","Cancer - Gastric Death",NA,"New Zealand","National"
"408","n",";","data/numerator/gastric08maorinat.csv","Maori","Cancer - Gastric Death",NA,"New Zealand","National"
"409","n",";","data/numerator/gastric08nonmaorinat.csv","Non-Maori","Cancer - Gastric Death",NA,"New Zealand","National"
"410","n",",","data/numerator/gastric08totalnatinc.csv","Total","Cancer - Gastric Incidence",NA,"New Zealand","National"
"411","n",",","data/numerator/gastric08maorinatinc.csv","Maori","Cancer - Gastric Incidence",NA,"New Zealand","National"
"412","n",",","data/numerator/gastric08nonmaorinatinc.csv","Non-Maori","Cancer - Gastric Incidence",NA,"New Zealand","National"
"413","n",",","data/numerator/priority12totalnat.csv","Total","Cancer - Priority",NA,"New Zealand","National"
"414","n",",","data/numerator/priority12maorinat.csv","Maori","Cancer - Priority",NA,"New Zealand","National"
"415","n",";","data/numerator/priority12nonmaorinat.csv","Non-Maori","Cancer - Priority",NA,"New Zealand","National"
"416","d",";","data/denominator/popestdisc95totalnat.csv","Total",NA,NA,"New Zealand","National"
"417","d",";","data/denominator/popestdisc90maorinat.csv","Maori",NA,NA,"New Zealand","National"
"418","d",";","data/denominator/popestdisc90nonmaorinat.csv","Non-Maori",NA,NA,"New Zealand","National"
"419","d",";","data/denominator/popest91totalnat.csv","Total",NA,NA,"New Zealand","National"
"420","d",";","data/denominator/popest91maorinat.csv","Maori",NA,NA,"New Zealand","National"
"421","d",";","data/denominator/popest91nonmaorinat.csv","Non-Maori",NA,NA,"New Zealand","National"
"422","d",";","data/denominator/popcentotalnat.csv","Total",NA,NA,"New Zealand","National"
"423","d",";","data/denominator/popcenmaorinat.csv","Maori",NA,NA,"New Zealand","National"
"424","d",";","data/denominator/popcennonmaorinat.csv","Non-Maori",NA,NA,"New Zealand","National"
"425","d",";","data/denominator/popcenpacificnat.csv","Pacific",NA,NA,"New Zealand","National"
"426","d",";","data/denominator/popcenasiannat.csv","Asian",NA,NA,"New Zealand","National"
"427","d",";","data/denominator/poptotalreg.csv","Total",NA,NA,"New Zealand","Regional Council"
"428","d",";","data/denominator/poptotaltla.csv","Total",NA,NA,"New Zealand","TLA"
"429","d",";","data/denominator/poptotaldhb.csv","Total",NA,NA,"New Zealand","DHB"
"430","n",",","data/numerator/morttotalreg.csv","Total","Mortality - Total",NA,"New Zealand","Regional Council"
"431","n",",","data/numerator/mortmaorireg.csv","Maori","Mortality - Total",NA,"New Zealand","Regional Council"
"432","n",",","data/numerator/mortnonmaorireg.csv","Non-Maori","Mortality - Total",NA,"New Zealand","Regional Council"
"433","n",",","data/numerator/morttotaltla.csv","Total","Mortality - Total",NA,"New Zealand","TLA"
"434","n",",","data/numerator/mortmaoritla.csv","Maori","Mortality - Total",NA,"New Zealand","TLA"
"435","n",",","data/numerator/mortnonmaoritla.csv","Non-Maori","Mortality - Total",NA,"New Zealand","TLA"
"436","n",",","data/numerator/morttotaldhb.csv","Total","Mortality - Total",NA,"New Zealand","DHB"
"437","n",",","data/numerator/mortmaoridhb.csv","Maori","Mortality - Total",NA,"New Zealand","DHB"
"438","n",",","data/numerator/mortnonmaoridhb.csv","Non-Maori","Mortality - Total",NA,"New Zealand","DHB"
